{
    "LinearRegression": {
        "R2": 0.3364321011420235,
        "RMSE": 1.4924641530743727
    },
    "RandomForest": {
        "R2": 0.9998881431176946,
        "RMSE": 0.019377269518037393
    },
    "GradientBoosting": {
        "R2": 0.9999243819821158,
        "RMSE": 0.015932131024780114
    },
    "XGBoost": {
        "R2": 0.999774232591277,
        "RMSE": 0.027529089571091146
    },
    "LightGBM": {
        "R2": 0.9871737591567339,
        "RMSE": 0.20749656900657454
    },
    "CatBoost": {
        "R2": 0.9987405705418438,
        "RMSE": 0.06502017713548072
    }
}