{
    "R2": 0.3965197808185361,
    "RMSE": 3.4146022854460965
}