{
    "LinearRegression": {
        "R2": 0.36338076882621595,
        "RMSE": 1.5605373968483274
    },
    "RandomForest": {
        "R2": 0.9999981904345472,
        "RMSE": 0.0026310036579072064
    },
    "GradientBoosting": {
        "R2": 0.9999844504230645,
        "RMSE": 0.0077124718597173045
    },
    "XGBoost": {
        "R2": 0.9997601967891753,
        "RMSE": 0.030287386564534276
    },
    "LightGBM": {
        "R2": 0.9999267130620232,
        "RMSE": 0.016743551876453686
    },
    "CatBoost": {
        "R2": 0.9999536740741076,
        "RMSE": 0.013312093452510306
    }
}