{
    "LinearRegression": {
        "R2": 0.4009446596355727,
        "RMSE": 1.4723531156261795
    },
    "RandomForest": {
        "R2": 0.9999595879739355,
        "RMSE": 0.012092993511405067
    },
    "GradientBoosting": {
        "R2": 0.9999798762156344,
        "RMSE": 0.008533620692224617
    },
    "XGBoost": {
        "R2": 0.9999229321072536,
        "RMSE": 0.016699953035102168
    },
    "LightGBM": {
        "R2": 0.9866625250545578,
        "RMSE": 0.21969254298985338
    },
    "CatBoost": {
        "R2": 0.9996870292700798,
        "RMSE": 0.03365351015247697
    }
}