{
    "LinearRegression": {
        "R2": 0.3418964223524489,
        "RMSE": 1.5517059112928606
    },
    "RandomForest": {
        "R2": 0.9999976347384119,
        "RMSE": 0.002941723691648922
    },
    "GradientBoosting": {
        "R2": 0.9999844587100236,
        "RMSE": 0.007540598556670137
    },
    "XGBoost": {
        "R2": 0.9997134434505759,
        "RMSE": 0.0323793001930779
    },
    "LightGBM": {
        "R2": 0.9999211611807092,
        "RMSE": 0.01698370135493962
    },
    "CatBoost": {
        "R2": 0.9998389948554992,
        "RMSE": 0.024270692347342353
    }
}