{
    "LinearRegression": {
        "R2": 0.33970163316269986,
        "RMSE": 1.5815281866777646
    },
    "RandomForest": {
        "R2": 0.9999481141326981,
        "RMSE": 0.01401946256350265
    },
    "GradientBoosting": {
        "R2": 0.9999697518855484,
        "RMSE": 0.010704243472974218
    },
    "XGBoost": {
        "R2": 0.9999427898944869,
        "RMSE": 0.014721199536378233
    },
    "LightGBM": {
        "R2": 0.9901999512968657,
        "RMSE": 0.19267303654413595
    },
    "CatBoost": {
        "R2": 0.9983609379808406,
        "RMSE": 0.0787960629269204
    }
}