{
    "LinearRegression": {
        "R2": 0.2410295865265092,
        "RMSE": 1.6495696803812672
    },
    "RandomForest": {
        "R2": 0.9999777295634208,
        "RMSE": 0.008935577127180818
    },
    "GradientBoosting": {
        "R2": 0.9999587382684928,
        "RMSE": 0.012162755226865387
    },
    "XGBoost": {
        "R2": 0.9998096531454087,
        "RMSE": 0.0261234838706708
    },
    "LightGBM": {
        "R2": 0.9998573975802535,
        "RMSE": 0.022611099953083733
    },
    "CatBoost": {
        "R2": 0.9997107777807155,
        "RMSE": 0.03220134927164392
    }
}