{
    "LinearRegression": {
        "R2": 0.32455517740407114,
        "RMSE": 1.5575215923808974
    },
    "RandomForest": {
        "R2": 0.9999968439919557,
        "RMSE": 0.003366729220578612
    },
    "GradientBoosting": {
        "R2": 0.9999748925169389,
        "RMSE": 0.00949600045518129
    },
    "XGBoost": {
        "R2": 0.999714714293726,
        "RMSE": 0.032009518687947075
    },
    "LightGBM": {
        "R2": 0.9999101876350948,
        "RMSE": 0.017960036034607527
    },
    "CatBoost": {
        "R2": 0.999942000488188,
        "RMSE": 0.014432823698796695
    }
}